HL7 v2,,,Condition (IF True),,,HL7 FHIR,,,,,Comments
Code,Text,Code System,Computable ANTLR,Computable FHIRPath,Narrative,Code,,Display,Code System,,
JUGE,"Jugular, External",HL70550,,,,JUGE,,"Jugular, External",http://terminology.hl7.org/CodeSystem/v2-0550,,
ADB,Abdomen,HL70550,,,,ADB,,Abdomen,http://terminology.hl7.org/CodeSystem/v2-0550,,
ACET,Acetabulum,HL70550,,,,ACET,,Acetabulum,http://terminology.hl7.org/CodeSystem/v2-0550,,
ACHIL,Achilles,HL70550,,,,ACHIL,,Achilles,http://terminology.hl7.org/CodeSystem/v2-0550,,
ADE,Adenoids,HL70550,,,,ADE,,Adenoids,http://terminology.hl7.org/CodeSystem/v2-0550,,
ADR,Adrenal,HL70550,,,,ADR,,Adrenal,http://terminology.hl7.org/CodeSystem/v2-0550,,
AMN,Amniotic fluid,HL70550,,,,AMN,,Amniotic fluid,http://terminology.hl7.org/CodeSystem/v2-0550,,
AMS,Amniotic Sac,HL70550,,,,AMS,,Amniotic Sac,http://terminology.hl7.org/CodeSystem/v2-0550,,
ANAL,Anal,HL70550,,,,ANAL,,Anal,http://terminology.hl7.org/CodeSystem/v2-0550,,
ANKL,Ankle,HL70550,,,,ANKL,,Ankle,http://terminology.hl7.org/CodeSystem/v2-0550,,
ANTEC,Antecubital,HL70550,,,,ANTEC,,Antecubital,http://terminology.hl7.org/CodeSystem/v2-0550,,
ANTECF,Antecubital Fossa,HL70550,,,,ANTECF,,Antecubital Fossa,http://terminology.hl7.org/CodeSystem/v2-0550,,
ANTR,Antrum,HL70550,,,,ANTR,,Antrum,http://terminology.hl7.org/CodeSystem/v2-0550,,
ANUS,Anus,HL70550,,,,ANUS,,Anus,http://terminology.hl7.org/CodeSystem/v2-0550,,
AORTA,Aorta,HL70550,,,,AORTA,,Aorta,http://terminology.hl7.org/CodeSystem/v2-0550,,
AR,Aortic Rim,HL70550,,,,AR,,Aortic Rim,http://terminology.hl7.org/CodeSystem/v2-0550,,
AV,Aortic Valve,HL70550,,,,AV,,Aortic Valve,http://terminology.hl7.org/CodeSystem/v2-0550,,
APDX,Appendix,HL70550,,,,APDX,,Appendix,http://terminology.hl7.org/CodeSystem/v2-0550,,
AREO,Areola,HL70550,,,,AREO,,Areola,http://terminology.hl7.org/CodeSystem/v2-0550,,
ARM,Arm,HL70550,,,,ARM,,Arm,http://terminology.hl7.org/CodeSystem/v2-0550,,
ARTE,Artery,HL70550,,,,ARTE,,Artery,http://terminology.hl7.org/CodeSystem/v2-0550,,
ASCIT,Ascites,HL70550,,,,ASCIT,,Ascites,http://terminology.hl7.org/CodeSystem/v2-0550,,
ASCT,Ascitic Fluid,HL70550,,,,ASCT,,Ascitic Fluid,http://terminology.hl7.org/CodeSystem/v2-0550,,
ATR,Atrium,HL70550,,,,ATR,,Atrium,http://terminology.hl7.org/CodeSystem/v2-0550,,
AURI,Auricular,HL70550,,,,AURI,,Auricular,http://terminology.hl7.org/CodeSystem/v2-0550,,
AXI,Axilla,HL70550,,,,AXI,,Axilla,http://terminology.hl7.org/CodeSystem/v2-0550,,
BACK,Back,HL70550,,,,BACK,,Back,http://terminology.hl7.org/CodeSystem/v2-0550,,
BARTD,Bartholin Duct,HL70550,,,,BARTD,,Bartholin Duct,http://terminology.hl7.org/CodeSystem/v2-0550,,
BARTG,Bartholin Gland,HL70550,,,,BARTG,,Bartholin Gland,http://terminology.hl7.org/CodeSystem/v2-0550,,
BRTGF,Bartholin Gland Fluid,HL70550,,,,BRTGF,,Bartholin Gland Fluid,http://terminology.hl7.org/CodeSystem/v2-0550,,
BPH,Basophils,HL70550,,,,BPH,,Basophils,http://terminology.hl7.org/CodeSystem/v2-0550,,
BID,Bile Duct,HL70550,,,,BID,,Bile Duct,http://terminology.hl7.org/CodeSystem/v2-0550,,
BIFL,Bile fluid,HL70550,,,,BIFL,,Bile fluid,http://terminology.hl7.org/CodeSystem/v2-0550,,
BLAD,Bladder,HL70550,,,,BLAD,,Bladder,http://terminology.hl7.org/CodeSystem/v2-0550,,
BLOOD,Blood,HL70550,,,,BLOOD,,Blood,http://terminology.hl7.org/CodeSystem/v2-0550,,
BLDA,"Blood, Arterial",HL70550,,,,BLDA,,"Blood, Arterial",http://terminology.hl7.org/CodeSystem/v2-0550,,
BLDC,"Blood, Capillary",HL70550,,,,BLDC,,"Blood, Capillary",http://terminology.hl7.org/CodeSystem/v2-0550,,
BLDV,"Blood, Venous",HL70550,,,,BLDV,,"Blood, Venous",http://terminology.hl7.org/CodeSystem/v2-0550,,
CBLD,"Blood, Cord",HL70550,,,,CBLD,,"Blood, Cord",http://terminology.hl7.org/CodeSystem/v2-0550,,
BLD,"Blood, Whole",HL70550,,,,BLD,,"Blood, Whole",http://terminology.hl7.org/CodeSystem/v2-0550,,
BDY,"Body, Whole",HL70550,,,,BDY,,"Body, Whole",http://terminology.hl7.org/CodeSystem/v2-0550,,
BON,Bone,HL70550,,,,BON,,Bone,http://terminology.hl7.org/CodeSystem/v2-0550,,
BMAR,Bone marrow,HL70550,,,,BMAR,,Bone marrow,http://terminology.hl7.org/CodeSystem/v2-0550,,
BOWEL,Bowel,HL70550,,,,BOWEL,,Bowel,http://terminology.hl7.org/CodeSystem/v2-0550,,
BOWLA,"Bowel, Large",HL70550,,,,BOWLA,,"Bowel, Large",http://terminology.hl7.org/CodeSystem/v2-0550,,
BOWSM,"Bowel, Small",HL70550,,,,BOWSM,,"Bowel, Small",http://terminology.hl7.org/CodeSystem/v2-0550,,
BRA,Brachial,HL70550,,,,BRA,,Brachial,http://terminology.hl7.org/CodeSystem/v2-0550,,
BRAIN,Brain,HL70550,,,,BRAIN,,Brain,http://terminology.hl7.org/CodeSystem/v2-0550,,
BCYS,Brain Cyst Fluid,HL70550,,,,BCYS,,Brain Cyst Fluid,http://terminology.hl7.org/CodeSystem/v2-0550,,
BRST,Breast,HL70550,,,,BRST,,Breast,http://terminology.hl7.org/CodeSystem/v2-0550,,
BRSTFL,Breast fluid,HL70550,,,,BRSTFL,,Breast fluid,http://terminology.hl7.org/CodeSystem/v2-0550,,
BRO,Bronchial,HL70550,,,,BRO,,Bronchial,http://terminology.hl7.org/CodeSystem/v2-0550,,
BROCH,Bronchiole/Bronchiolar,HL70550,,,,BROCH,,Bronchiole/Bronchiolar,http://terminology.hl7.org/CodeSystem/v2-0550,,
BRONC,Bronchus/Bronchial,HL70550,,,,BRONC,,Bronchus/Bronchial,http://terminology.hl7.org/CodeSystem/v2-0550,,
BRV,Broviac,HL70550,,,,BRV,,Broviac,http://terminology.hl7.org/CodeSystem/v2-0550,,
BUCCA,Buccal,HL70550,,,,BUCCA,,Buccal,http://terminology.hl7.org/CodeSystem/v2-0550,,
BURSA,Bursa,HL70550,,,,BURSA,,Bursa,http://terminology.hl7.org/CodeSystem/v2-0550,,
BURSF,Bursa Fluid,HL70550,,,,BURSF,,Bursa Fluid,http://terminology.hl7.org/CodeSystem/v2-0550,,
BUTT,Buttocks,HL70550,,,,BUTT,,Buttocks,http://terminology.hl7.org/CodeSystem/v2-0550,,
CALF,Calf,HL70550,,,,CALF,,Calf,http://terminology.hl7.org/CodeSystem/v2-0550,,
CANAL,Canal,HL70550,,,,CANAL,,Canal,http://terminology.hl7.org/CodeSystem/v2-0550,,
CANLI,Canaliculis,HL70550,,,,CANLI,,Canaliculis,http://terminology.hl7.org/CodeSystem/v2-0550,,
CNL,Cannula,HL70550,,,,CNL,,Cannula,http://terminology.hl7.org/CodeSystem/v2-0550,,
CANTH,Canthus,HL70550,,,,CANTH,,Canthus,http://terminology.hl7.org/CodeSystem/v2-0550,,
CDM,Cardiac Muscle,HL70550,,,,CDM,,Cardiac Muscle,http://terminology.hl7.org/CodeSystem/v2-0550,,
CARO,Carotid,HL70550,,,,CARO,,Carotid,http://terminology.hl7.org/CodeSystem/v2-0550,,
CARP,Carpal,HL70550,,,,CARP,,Carpal,http://terminology.hl7.org/CodeSystem/v2-0550,,
CAVIT,Cavity,HL70550,,,,CAVIT,,Cavity,http://terminology.hl7.org/CodeSystem/v2-0550,,
CHE,"Cavity, Chest",HL70550,,,,CHE,,"Cavity, Chest",http://terminology.hl7.org/CodeSystem/v2-0550,,
CECUM,Cecum/Cecal,HL70550,,,,CECUM,,Cecum/Cecal,http://terminology.hl7.org/CodeSystem/v2-0550,,
CSF,Cerebral Spinal Fluid,HL70550,,,,CSF,,Cerebral Spinal Fluid,http://terminology.hl7.org/CodeSystem/v2-0550,,
CVX,Cervix,HL70550,,,,CVX,,Cervix,http://terminology.hl7.org/CodeSystem/v2-0550,,
CERVUT,Cervix/Uterus,HL70550,,,,CERVUT,,Cervix/Uterus,http://terminology.hl7.org/CodeSystem/v2-0550,,
CHEEK,Cheek,HL70550,,,,CHEEK,,Cheek,http://terminology.hl7.org/CodeSystem/v2-0550,,
CHES,Chest,HL70550,,,,CHES,,Chest,http://terminology.hl7.org/CodeSystem/v2-0550,,
CHESTÂ,Chest Tube,HL70550,,,,CHESTÂ,,Chest Tube,http://terminology.hl7.org/CodeSystem/v2-0550,,
CHIN,Chin,HL70550,,,,CHIN,,Chin,http://terminology.hl7.org/CodeSystem/v2-0550,,
CIRCU,Circumcision Site,HL70550,,,,CIRCU,,Circumcision Site,http://terminology.hl7.org/CodeSystem/v2-0550,,
CLAVI,Clavicle/Clavicular,HL70550,,,,CLAVI,,Clavicle/Clavicular,http://terminology.hl7.org/CodeSystem/v2-0550,,
CLITO,Clitoral,HL70550,,,,CLITO,,Clitoral,http://terminology.hl7.org/CodeSystem/v2-0550,,
CLIT,Clitoris,HL70550,,,,CLIT,,Clitoris,http://terminology.hl7.org/CodeSystem/v2-0550,,
COCCG,Coccygeal,HL70550,,,,COCCG,,Coccygeal,http://terminology.hl7.org/CodeSystem/v2-0550,,
COCCY,Coccyx,HL70550,,,,COCCY,,Coccyx,http://terminology.hl7.org/CodeSystem/v2-0550,,
COLON,Colon,HL70550,,,,COLON,,Colon,http://terminology.hl7.org/CodeSystem/v2-0550,,
COLOS,Colostomy,HL70550,,,,COLOS,,Colostomy,http://terminology.hl7.org/CodeSystem/v2-0550,,
COS,Colostomy Stoma,HL70550,,,,COS,,Colostomy Stoma,http://terminology.hl7.org/CodeSystem/v2-0550,,
CDUCT,Common Duct,HL70550,,,,CDUCT,,Common Duct,http://terminology.hl7.org/CodeSystem/v2-0550,,
CONJ,Conjunctiva,HL70550,,,,CONJ,,Conjunctiva,http://terminology.hl7.org/CodeSystem/v2-0550,,
CORAL,Coral,HL70550,,,,CORAL,,Coral,http://terminology.hl7.org/CodeSystem/v2-0550,,
COR,Cord,HL70550,,,,COR,,Cord,http://terminology.hl7.org/CodeSystem/v2-0550,,
CORD,Cord Blood,HL70550,,,,CORD,,Cord Blood,http://terminology.hl7.org/CodeSystem/v2-0550,,
CORN,Cornea,HL70550,,,,CORN,,Cornea,http://terminology.hl7.org/CodeSystem/v2-0550,,
CRANE,"Cranium, ethmoid",HL70550,,,,CRANE,,"Cranium, ethmoid",http://terminology.hl7.org/CodeSystem/v2-0550,,
CRANF,"Cranium, frontal",HL70550,,,,CRANF,,"Cranium, frontal",http://terminology.hl7.org/CodeSystem/v2-0550,,
CRANO,"Cranium, occipital",HL70550,,,,CRANO,,"Cranium, occipital",http://terminology.hl7.org/CodeSystem/v2-0550,,
CRANP,"Cranium, parietal",HL70550,,,,CRANP,,"Cranium, parietal",http://terminology.hl7.org/CodeSystem/v2-0550,,
CRANS,"Cranium, sphenoid",HL70550,,,,CRANS,,"Cranium, sphenoid",http://terminology.hl7.org/CodeSystem/v2-0550,,
CRANT,"Cranium, temporal",HL70550,,,,CRANT,,"Cranium, temporal",http://terminology.hl7.org/CodeSystem/v2-0550,,
CUBIT,Cubitus,HL70550,,,,CUBIT,,Cubitus,http://terminology.hl7.org/CodeSystem/v2-0550,,
CUFF,Cuff,HL70550,,,,CUFF,,Cuff,http://terminology.hl7.org/CodeSystem/v2-0550,,
CULD,Cul De Sac,HL70550,,,,CULD,,Cul De Sac,http://terminology.hl7.org/CodeSystem/v2-0550,,
CULDO,Culdocentesis,HL70550,,,,CULDO,,Culdocentesis,http://terminology.hl7.org/CodeSystem/v2-0550,,
DELT,Deltoid,HL70550,,,,DELT,,Deltoid,http://terminology.hl7.org/CodeSystem/v2-0550,,
DENTA,Dental,HL70550,,,,DENTA,,Dental,http://terminology.hl7.org/CodeSystem/v2-0550,,
DEN,Dental Gingiva,HL70550,,,,DEN,,Dental Gingiva,http://terminology.hl7.org/CodeSystem/v2-0550,,
DIAF,Dialysis Fluid,HL70550,,,,DIAF,,Dialysis Fluid,http://terminology.hl7.org/CodeSystem/v2-0550,,
DPH,Diaphragm,HL70550,,,,DPH,,Diaphragm,http://terminology.hl7.org/CodeSystem/v2-0550,,
DIGIT,Digit,HL70550,,,,DIGIT,,Digit,http://terminology.hl7.org/CodeSystem/v2-0550,,
DISC,Disc,HL70550,,,,DISC,,Disc,http://terminology.hl7.org/CodeSystem/v2-0550,,
DORS,Dorsum/Dorsal,HL70550,,,,DORS,,Dorsum/Dorsal,http://terminology.hl7.org/CodeSystem/v2-0550,,
DUFL,Duodenal Fluid,HL70550,,,,DUFL,,Duodenal Fluid,http://terminology.hl7.org/CodeSystem/v2-0550,,
DUODE,Duodenum/Duodenal,HL70550,,,,DUODE,,Duodenum/Duodenal,http://terminology.hl7.org/CodeSystem/v2-0550,,
DUR,Dura,HL70550,,,,DUR,,Dura,http://terminology.hl7.org/CodeSystem/v2-0550,,
EAR,Ear,HL70550,,,,EAR,,Ear,http://terminology.hl7.org/CodeSystem/v2-0550,,
EARBI,"Ear bone, incus",HL70550,,,,EARBI,,"Ear bone, incus",http://terminology.hl7.org/CodeSystem/v2-0550,,
EARBM,"Ear bone, malleus",HL70550,,,,EARBM,,"Ear bone, malleus",http://terminology.hl7.org/CodeSystem/v2-0550,,
EARBS,"Ear bone,stapes",HL70550,,,,EARBS,,"Ear bone,stapes",http://terminology.hl7.org/CodeSystem/v2-0550,,
EARLO,Ear Lobe,HL70550,,,,EARLO,,Ear Lobe,http://terminology.hl7.org/CodeSystem/v2-0550,,
ELBOW,Elbow,HL70550,,,,ELBOW,,Elbow,http://terminology.hl7.org/CodeSystem/v2-0550,,
ELBOWJ,Elbow Joint,HL70550,,,,ELBOWJ,,Elbow Joint,http://terminology.hl7.org/CodeSystem/v2-0550,,
ENDC,Endocardium,HL70550,,,,ENDC,,Endocardium,http://terminology.hl7.org/CodeSystem/v2-0550,,
EC,Endocervical,HL70550,,,,EC,,Endocervical,http://terminology.hl7.org/CodeSystem/v2-0550,,
EOLPH,endolpthamitis,HL70550,,,,EOLPH,,endolpthamitis,http://terminology.hl7.org/CodeSystem/v2-0550,,
ENDM,Endometrium,HL70550,,,,ENDM,,Endometrium,http://terminology.hl7.org/CodeSystem/v2-0550,,
ET,Endotracheal,HL70550,,,,ET,,Endotracheal,http://terminology.hl7.org/CodeSystem/v2-0550,,
EUR,Endourethral,HL70550,,,,EUR,,Endourethral,http://terminology.hl7.org/CodeSystem/v2-0550,,
EOS,Eosinophils,HL70550,,,,EOS,,Eosinophils,http://terminology.hl7.org/CodeSystem/v2-0550,,
EPICA,Epicardial,HL70550,,,,EPICA,,Epicardial,http://terminology.hl7.org/CodeSystem/v2-0550,,
EPICM,Epicardium,HL70550,,,,EPICM,,Epicardium,http://terminology.hl7.org/CodeSystem/v2-0550,,
EPD,Epididymis,HL70550,,,,EPD,,Epididymis,http://terminology.hl7.org/CodeSystem/v2-0550,,
EPIDU,Epidural,HL70550,,,,EPIDU,,Epidural,http://terminology.hl7.org/CodeSystem/v2-0550,,
EPIGL,Epiglottis,HL70550,,,,EPIGL,,Epiglottis,http://terminology.hl7.org/CodeSystem/v2-0550,,
ESOPG,Esophageal,HL70550,,,,ESOPG,,Esophageal,http://terminology.hl7.org/CodeSystem/v2-0550,,
ESO,Esophagus,HL70550,,,,ESO,,Esophagus,http://terminology.hl7.org/CodeSystem/v2-0550,,
ETHMO,Ethmoid,HL70550,,,,ETHMO,,Ethmoid,http://terminology.hl7.org/CodeSystem/v2-0550,,
Â,External Jugular,HL70550,,,,Â,,External Jugular,http://terminology.hl7.org/CodeSystem/v2-0550,,
EYE,Eye,HL70550,,,,EYE,,Eye,http://terminology.hl7.org/CodeSystem/v2-0550,,
BROW,Eyebrow,HL70550,,,,BROW,,Eyebrow,http://terminology.hl7.org/CodeSystem/v2-0550,,
EYELI,Eyelid,HL70550,,,,EYELI,,Eyelid,http://terminology.hl7.org/CodeSystem/v2-0550,,
FACE,Face,HL70550,,,,FACE,,Face,http://terminology.hl7.org/CodeSystem/v2-0550,,
FBINC,"Facial bone, inferior nasal concha",HL70550,,,,FBINC,,"Facial bone, inferior nasal concha",http://terminology.hl7.org/CodeSystem/v2-0550,,
FBLAC,"Facial bone, lacrimal",HL70550,,,,FBLAC,,"Facial bone, lacrimal",http://terminology.hl7.org/CodeSystem/v2-0550,,
FBMAX,"Facial bone, maxilla",HL70550,,,,FBMAX,,"Facial bone, maxilla",http://terminology.hl7.org/CodeSystem/v2-0550,,
FBNAS,"Facial bone, nasal",HL70550,,,,FBNAS,,"Facial bone, nasal",http://terminology.hl7.org/CodeSystem/v2-0550,,
FBPAL,"Facial bone, palatine",HL70550,,,,FBPAL,,"Facial bone, palatine",http://terminology.hl7.org/CodeSystem/v2-0550,,
FBVOM,"Facial bone, vomer",HL70550,,,,FBVOM,,"Facial bone, vomer",http://terminology.hl7.org/CodeSystem/v2-0550,,
FBZYG,"Facial bone, zygomatic",HL70550,,,,FBZYG,,"Facial bone, zygomatic",http://terminology.hl7.org/CodeSystem/v2-0550,,
FALLT,Fallopian Tube,HL70550,,,,FALLT,,Fallopian Tube,http://terminology.hl7.org/CodeSystem/v2-0550,,
FEMOR,Femoral,HL70550,,,,FEMOR,,Femoral,http://terminology.hl7.org/CodeSystem/v2-0550,,
FMH,Femoral Head,HL70550,,,,FMH,,Femoral Head,http://terminology.hl7.org/CodeSystem/v2-0550,,
FEMUR,Femur,HL70550,,,,FEMUR,,Femur,http://terminology.hl7.org/CodeSystem/v2-0550,,
FET,Fetus,HL70550,,,,FET,,Fetus,http://terminology.hl7.org/CodeSystem/v2-0550,,
FIBU,Fibula,HL70550,,,,FIBU,,Fibula,http://terminology.hl7.org/CodeSystem/v2-0550,,
FING,Finger,HL70550,,,,FING,,Finger,http://terminology.hl7.org/CodeSystem/v2-0550,,
FINGN,Finger Nail,HL70550,,,,FINGN,,Finger Nail,http://terminology.hl7.org/CodeSystem/v2-0550,,
FOL,Follicle,HL70550,,,,FOL,,Follicle,http://terminology.hl7.org/CodeSystem/v2-0550,,
FOOT,Foot,HL70550,,,,FOOT,,Foot,http://terminology.hl7.org/CodeSystem/v2-0550,,
FOREA,Forearm,HL70550,,,,FOREA,,Forearm,http://terminology.hl7.org/CodeSystem/v2-0550,,
FOREH,Forehead,HL70550,,,,FOREH,,Forehead,http://terminology.hl7.org/CodeSystem/v2-0550,,
FORES,Foreskin,HL70550,,,,FORES,,Foreskin,http://terminology.hl7.org/CodeSystem/v2-0550,,
FOURC,Fourchette,HL70550,,,,FOURC,,Fourchette,http://terminology.hl7.org/CodeSystem/v2-0550,,
GB,Gall Bladder,HL70550,,,,GB,,Gall Bladder,http://terminology.hl7.org/CodeSystem/v2-0550,,
GEN,Genital,HL70550,,,,GEN,,Genital,http://terminology.hl7.org/CodeSystem/v2-0550,,
GVU,Genital - Vulva,HL70550,,,,GVU,,Genital - Vulva,http://terminology.hl7.org/CodeSystem/v2-0550,,
GENC,Genital Cervix,HL70550,,,,GENC,,Genital Cervix,http://terminology.hl7.org/CodeSystem/v2-0550,,
GL,Genital Lesion,HL70550,,,,GL,,Genital Lesion,http://terminology.hl7.org/CodeSystem/v2-0550,,
GENL,Genital Lochia,HL70550,,,,GENL,,Genital Lochia,http://terminology.hl7.org/CodeSystem/v2-0550,,
GLAND,Gland,HL70550,,,,GLAND,,Gland,http://terminology.hl7.org/CodeSystem/v2-0550,,
GLANS,Glans,HL70550,,,,GLANS,,Glans,http://terminology.hl7.org/CodeSystem/v2-0550,,
GLUTE,Gluteal,HL70550,,,,GLUTE,,Gluteal,http://terminology.hl7.org/CodeSystem/v2-0550,,
GLUT,Gluteus,HL70550,,,,GLUT,,Gluteus,http://terminology.hl7.org/CodeSystem/v2-0550,,
GLUTM,Gluteus Medius,HL70550,,,,GLUTM,,Gluteus Medius,http://terminology.hl7.org/CodeSystem/v2-0550,,
GROIN,Groin,HL70550,,,,GROIN,,Groin,http://terminology.hl7.org/CodeSystem/v2-0550,,
GUM,Gum,HL70550,,,,GUM,,Gum,http://terminology.hl7.org/CodeSystem/v2-0550,,
HAR,Hair,HL70550,,,,HAR,,Hair,http://terminology.hl7.org/CodeSystem/v2-0550,,
HAL,Hallux,HL70550,,,,HAL,,Hallux,http://terminology.hl7.org/CodeSystem/v2-0550,,
HAND,Hand,HL70550,,,,HAND,,Hand,http://terminology.hl7.org/CodeSystem/v2-0550,,
HEAD,Head,HL70550,,,,HEAD,,Head,http://terminology.hl7.org/CodeSystem/v2-0550,,
HART,Heart,HL70550,,,,HART,,Heart,http://terminology.hl7.org/CodeSystem/v2-0550,,
HV,Heart Valve,HL70550,,,,HV,,Heart Valve,http://terminology.hl7.org/CodeSystem/v2-0550,,
HVB,"Heart Valve, Bicuspid",HL70550,,,,HVB,,"Heart Valve, Bicuspid",http://terminology.hl7.org/CodeSystem/v2-0550,,
HVT,"Heart Valve, Tricuspid",HL70550,,,,HVT,,"Heart Valve, Tricuspid",http://terminology.hl7.org/CodeSystem/v2-0550,,
HEEL,Heel,HL70550,,,,HEEL,,Heel,http://terminology.hl7.org/CodeSystem/v2-0550,,
HEM,Hemorrhoid,HL70550,,,,HEM,,Hemorrhoid,http://terminology.hl7.org/CodeSystem/v2-0550,,
HIP,Hip,HL70550,,,,HIP,,Hip,http://terminology.hl7.org/CodeSystem/v2-0550,,
HIPJ,Hip Joint,HL70550,,,,HIPJ,,Hip Joint,http://terminology.hl7.org/CodeSystem/v2-0550,,
HUMER,Humerus,HL70550,,,,HUMER,,Humerus,http://terminology.hl7.org/CodeSystem/v2-0550,,
HYMEN,Hymen,HL70550,,,,HYMEN,,Hymen,http://terminology.hl7.org/CodeSystem/v2-0550,,
ILC,Ileal Conduit,HL70550,,,,ILC,,Ileal Conduit,http://terminology.hl7.org/CodeSystem/v2-0550,,
ILE,Ileal Loop,HL70550,,,,ILE,,Ileal Loop,http://terminology.hl7.org/CodeSystem/v2-0550,,
ILEOS,Ileostomy,HL70550,,,,ILEOS,,Ileostomy,http://terminology.hl7.org/CodeSystem/v2-0550,,
ILEUM,Ileum,HL70550,,,,ILEUM,,Ileum,http://terminology.hl7.org/CodeSystem/v2-0550,,
ILIAC,Iliac,HL70550,,,,ILIAC,,Iliac,http://terminology.hl7.org/CodeSystem/v2-0550,,
ILCR,Iliac Crest,HL70550,,,,ILCR,,Iliac Crest,http://terminology.hl7.org/CodeSystem/v2-0550,,
ILCON,Ilical Conduit,HL70550,,,,ILCON,,Ilical Conduit,http://terminology.hl7.org/CodeSystem/v2-0550,,
INGUI,Inguinal,HL70550,,,,INGUI,,Inguinal,http://terminology.hl7.org/CodeSystem/v2-0550,,
JUGI,"Jugular, Internal",HL70550,,,,JUGI,,"Jugular, Internal",http://terminology.hl7.org/CodeSystem/v2-0550,,
INT,Intestine,HL70550,,,,INT,,Intestine,http://terminology.hl7.org/CodeSystem/v2-0550,,
ICX,Intracervical,HL70550,,,,ICX,,Intracervical,http://terminology.hl7.org/CodeSystem/v2-0550,,
INASA,Intranasal,HL70550,,,,INASA,,Intranasal,http://terminology.hl7.org/CodeSystem/v2-0550,,
INTRU,Intrauterine,HL70550,,,,INTRU,,Intrauterine,http://terminology.hl7.org/CodeSystem/v2-0550,,
INTRO,Introitus,HL70550,,,,INTRO,,Introitus,http://terminology.hl7.org/CodeSystem/v2-0550,,
ISCHI,Ischium,HL70550,,,,ISCHI,,Ischium,http://terminology.hl7.org/CodeSystem/v2-0550,,
JAW,Jaw,HL70550,,,,JAW,,Jaw,http://terminology.hl7.org/CodeSystem/v2-0550,,
KIDNÂ,Kidney,HL70550,,,,KIDNÂ,,Kidney,http://terminology.hl7.org/CodeSystem/v2-0550,,
KNEE,Knee,HL70550,,,,KNEE,,Knee,http://terminology.hl7.org/CodeSystem/v2-0550,,
KNEEF,Knee Fluid,HL70550,,,,KNEEF,,Knee Fluid,http://terminology.hl7.org/CodeSystem/v2-0550,,
KNEEJ,Knee Joint,HL70550,,,,KNEEJ,,Knee Joint,http://terminology.hl7.org/CodeSystem/v2-0550,,
LABIA,Labia,HL70550,,,,LABIA,,Labia,http://terminology.hl7.org/CodeSystem/v2-0550,,
LABMA,Labia Majora,HL70550,,,,LABMA,,Labia Majora,http://terminology.hl7.org/CodeSystem/v2-0550,,
LABMI,Labia Minora,HL70550,,,,LABMI,,Labia Minora,http://terminology.hl7.org/CodeSystem/v2-0550,,
LACRI,Lacrimal,HL70550,,,,LACRI,,Lacrimal,http://terminology.hl7.org/CodeSystem/v2-0550,,
LAM,Lamella,HL70550,,,,LAM,,Lamella,http://terminology.hl7.org/CodeSystem/v2-0550,,
INSTL,"Intestine, Large",HL70550,,,,INSTL,,"Intestine, Large",http://terminology.hl7.org/CodeSystem/v2-0550,,
LARYN,Larynx,HL70550,,,,LARYN,,Larynx,http://terminology.hl7.org/CodeSystem/v2-0550,,
LEG,Leg,HL70550,,,,LEG,,Leg,http://terminology.hl7.org/CodeSystem/v2-0550,,
LENS,Lens,HL70550,,,,LENS,,Lens,http://terminology.hl7.org/CodeSystem/v2-0550,,
WBC,Leukocytes,HL70550,,,,WBC,,Leukocytes,http://terminology.hl7.org/CodeSystem/v2-0550,,
LING,Lingual,HL70550,,,,LING,,Lingual,http://terminology.hl7.org/CodeSystem/v2-0550,,
LINGU,Lingula,HL70550,,,,LINGU,,Lingula,http://terminology.hl7.org/CodeSystem/v2-0550,,
LIP,Lip,HL70550,,,,LIP,,Lip,http://terminology.hl7.org/CodeSystem/v2-0550,,
STOOLL,Liquid Stool,HL70550,,,,STOOLL,,Liquid Stool,http://terminology.hl7.org/CodeSystem/v2-0550,,
LIVER,Liver,HL70550,,,,LIVER,,Liver,http://terminology.hl7.org/CodeSystem/v2-0550,,
LOBE,Lobe,HL70550,,,,LOBE,,Lobe,http://terminology.hl7.org/CodeSystem/v2-0550,,
LOCH,Lochia,HL70550,,,,LOCH,,Lochia,http://terminology.hl7.org/CodeSystem/v2-0550,,
ISH,"Loop, Ishial",HL70550,,,,ISH,,"Loop, Ishial",http://terminology.hl7.org/CodeSystem/v2-0550,,
LUMBA,Lumbar,HL70550,,,,LUMBA,,Lumbar,http://terminology.hl7.org/CodeSystem/v2-0550,,
LMN,Lumen,HL70550,,,,LMN,,Lumen,http://terminology.hl7.org/CodeSystem/v2-0550,,
LUNG,Lung,HL70550,,,,LUNG,,Lung,http://terminology.hl7.org/CodeSystem/v2-0550,,
LN,Lymph Node,HL70550,,,,LN,,Lymph Node,http://terminology.hl7.org/CodeSystem/v2-0550,,
LNG,"Lymph Node, Groin",HL70550,,,,LNG,,"Lymph Node, Groin",http://terminology.hl7.org/CodeSystem/v2-0550,,
LYM,Lymphocytes,HL70550,,,,LYM,,Lymphocytes,http://terminology.hl7.org/CodeSystem/v2-0550,,
MAC,Macrophages,HL70550,,,,MAC,,Macrophages,http://terminology.hl7.org/CodeSystem/v2-0550,,
MALLE,Malleolus,HL70550,,,,MALLE,,Malleolus,http://terminology.hl7.org/CodeSystem/v2-0550,,
MANDI,Mandible/Mandibular,HL70550,,,,MANDI,,Mandible/Mandibular,http://terminology.hl7.org/CodeSystem/v2-0550,,
MAR,Marrow,HL70550,,,,MAR,,Marrow,http://terminology.hl7.org/CodeSystem/v2-0550,,
MAST,Mastoid,HL70550,,,,MAST,,Mastoid,http://terminology.hl7.org/CodeSystem/v2-0550,,
MAXIL,Maxilla/Maxillary,HL70550,,,,MAXIL,,Maxilla/Maxillary,http://terminology.hl7.org/CodeSystem/v2-0550,,
MAXS,Maxillary Sinus,HL70550,,,,MAXS,,Maxillary Sinus,http://terminology.hl7.org/CodeSystem/v2-0550,,
MEATU,Meatus,HL70550,,,,MEATU,,Meatus,http://terminology.hl7.org/CodeSystem/v2-0550,,
MEC,Meconium,HL70550,,,,MEC,,Meconium,http://terminology.hl7.org/CodeSystem/v2-0550,,
MEDST,Mediastinum,HL70550,,,,MEDST,,Mediastinum,http://terminology.hl7.org/CodeSystem/v2-0550,,
MEDU,Medullary,HL70550,,,,MEDU,,Medullary,http://terminology.hl7.org/CodeSystem/v2-0550,,
MOU,Membrane,HL70550,,,,MOU,,Membrane,http://terminology.hl7.org/CodeSystem/v2-0550,,
MPB,Meninges,HL70550,,,,MPB,,Meninges,http://terminology.hl7.org/CodeSystem/v2-0550,,
METAC,Metacarpal,HL70550,,,,METAC,,Metacarpal,http://terminology.hl7.org/CodeSystem/v2-0550,,
METAT,Metatarsal,HL70550,,,,METAT,,Metatarsal,http://terminology.hl7.org/CodeSystem/v2-0550,,
MILK,"Milk, Breast",HL70550,,,,MILK,,"Milk, Breast",http://terminology.hl7.org/CodeSystem/v2-0550,,
MITRL,Mitral Valve,HL70550,,,,MITRL,,Mitral Valve,http://terminology.hl7.org/CodeSystem/v2-0550,,
MOLAR,Molar,HL70550,,,,MOLAR,,Molar,http://terminology.hl7.org/CodeSystem/v2-0550,,
MP,Mons Pubis,HL70550,,,,MP,,Mons Pubis,http://terminology.hl7.org/CodeSystem/v2-0550,,
MONSU,Mons Ureteris,HL70550,,,,MONSU,,Mons Ureteris,http://terminology.hl7.org/CodeSystem/v2-0550,,
MONSV,Mons Veneris(Mons Pubis),HL70550,,,,MONSV,,Mons Veneris(Mons Pubis),http://terminology.hl7.org/CodeSystem/v2-0550,,
MOUTH,Mouth,HL70550,,,,MOUTH,,Mouth,http://terminology.hl7.org/CodeSystem/v2-0550,,
MRSA2,Mrsa:,HL70550,,,,MRSA2,,Mrsa:,http://terminology.hl7.org/CodeSystem/v2-0550,,
MYO,Myocardium,HL70550,,,,MYO,,Myocardium,http://terminology.hl7.org/CodeSystem/v2-0550,,
NAIL,Nail,HL70550,,,,NAIL,,Nail,http://terminology.hl7.org/CodeSystem/v2-0550,,
NAILB,Nail Bed,HL70550,,,,NAILB,,Nail Bed,http://terminology.hl7.org/CodeSystem/v2-0550,,
NAILF,"Nail, Finger",HL70550,,,,NAILF,,"Nail, Finger",http://terminology.hl7.org/CodeSystem/v2-0550,,
NAILT,"Nail, Toe",HL70550,,,,NAILT,,"Nail, Toe",http://terminology.hl7.org/CodeSystem/v2-0550,,
NARES,Nares,HL70550,,,,NARES,,Nares,http://terminology.hl7.org/CodeSystem/v2-0550,,
NASL,Nasal,HL70550,,,,NASL,,Nasal,http://terminology.hl7.org/CodeSystem/v2-0550,,
NSS,Nasal Septum,HL70550,,,,NSS,,Nasal Septum,http://terminology.hl7.org/CodeSystem/v2-0550,,
NLACR,Nasolacrimal,HL70550,,,,NLACR,,Nasolacrimal,http://terminology.hl7.org/CodeSystem/v2-0550,,
NP,Nasopharyngeal/Nasopharynx,HL70550,,,,NP,,Nasopharyngeal/Nasopharynx,http://terminology.hl7.org/CodeSystem/v2-0550,,
NTRAC,Nasotracheal,HL70550,,,,NTRAC,,Nasotracheal,http://terminology.hl7.org/CodeSystem/v2-0550,,
NAVEL,Navel,HL70550,,,,NAVEL,,Navel,http://terminology.hl7.org/CodeSystem/v2-0550,,
NECK,Neck,HL70550,,,,NECK,,Neck,http://terminology.hl7.org/CodeSystem/v2-0550,,
NERVE,Nerve,HL70550,,,,NERVE,,Nerve,http://terminology.hl7.org/CodeSystem/v2-0550,,
NIPPL,Nipple,HL70550,,,,NIPPL,,Nipple,http://terminology.hl7.org/CodeSystem/v2-0550,,
NOS,Nose (Nasal Passage),HL70550,,,,NOS,,Nose (Nasal Passage),http://terminology.hl7.org/CodeSystem/v2-0550,,
NOSE,Nose/Nose(outside),HL70550,,,,NOSE,,Nose/Nose(outside),http://terminology.hl7.org/CodeSystem/v2-0550,,
NOSTR,Nostril,HL70550,,,,NOSTR,,Nostril,http://terminology.hl7.org/CodeSystem/v2-0550,,
OCCIP,Occipital,HL70550,,,,OCCIP,,Occipital,http://terminology.hl7.org/CodeSystem/v2-0550,,
OLECR,Olecranon,HL70550,,,,OLECR,,Olecranon,http://terminology.hl7.org/CodeSystem/v2-0550,,
OMEN,Omentum,HL70550,,,,OMEN,,Omentum,http://terminology.hl7.org/CodeSystem/v2-0550,,
ORBIT,Orbit/Orbital,HL70550,,,,ORBIT,,Orbit/Orbital,http://terminology.hl7.org/CodeSystem/v2-0550,,
ORO,Oropharynx,HL70550,,,,ORO,,Oropharynx,http://terminology.hl7.org/CodeSystem/v2-0550,,
OSCOX,Os coxa (pelvic girdle),HL70550,,,,OSCOX,,Os coxa (pelvic girdle),http://terminology.hl7.org/CodeSystem/v2-0550,,
OVARY,Ovary,HL70550,,,,OVARY,,Ovary,http://terminology.hl7.org/CodeSystem/v2-0550,,
PALAT,Palate,HL70550,,,,PALAT,,Palate,http://terminology.hl7.org/CodeSystem/v2-0550,,
PLATH,"Palate, Hard",HL70550,,,,PLATH,,"Palate, Hard",http://terminology.hl7.org/CodeSystem/v2-0550,,
PLATS,"Palate, Soft",HL70550,,,,PLATS,,"Palate, Soft",http://terminology.hl7.org/CodeSystem/v2-0550,,
PALM,Palm,HL70550,,,,PALM,,Palm,http://terminology.hl7.org/CodeSystem/v2-0550,,
PANCR,Pancreas,HL70550,,,,PANCR,,Pancreas,http://terminology.hl7.org/CodeSystem/v2-0550,,
PAFL,Pancreatic Fluid,HL70550,,,,PAFL,,Pancreatic Fluid,http://terminology.hl7.org/CodeSystem/v2-0550,,
PAS,Parasternal,HL70550,,,,PAS,,Parasternal,http://terminology.hl7.org/CodeSystem/v2-0550,,
PARAT,Paratracheal,HL70550,,,,PARAT,,Paratracheal,http://terminology.hl7.org/CodeSystem/v2-0550,,
PARIE,Parietal,HL70550,,,,PARIE,,Parietal,http://terminology.hl7.org/CodeSystem/v2-0550,,
PARON,Paronychia,HL70550,,,,PARON,,Paronychia,http://terminology.hl7.org/CodeSystem/v2-0550,,
PAROT,Parotid/Parotid Gland,HL70550,,,,PAROT,,Parotid/Parotid Gland,http://terminology.hl7.org/CodeSystem/v2-0550,,
PATEL,Patella,HL70550,,,,PATEL,,Patella,http://terminology.hl7.org/CodeSystem/v2-0550,,
PELV,Pelvis,HL70550,,,,PELV,,Pelvis,http://terminology.hl7.org/CodeSystem/v2-0550,,
PENSH,Penile Shaft,HL70550,,,,PENSH,,Penile Shaft,http://terminology.hl7.org/CodeSystem/v2-0550,,
PENIS,Penis,HL70550,,,,PENIS,,Penis,http://terminology.hl7.org/CodeSystem/v2-0550,,
PANAL,Perianal/Perirectal,HL70550,,,,PANAL,,Perianal/Perirectal,http://terminology.hl7.org/CodeSystem/v2-0550,,
PERI,Pericardial Fluid,HL70550,,,,PERI,,Pericardial Fluid,http://terminology.hl7.org/CodeSystem/v2-0550,,
PCARD,Pericardium,HL70550,,,,PCARD,,Pericardium,http://terminology.hl7.org/CodeSystem/v2-0550,,
PCLIT,Periclitoral,HL70550,,,,PCLIT,,Periclitoral,http://terminology.hl7.org/CodeSystem/v2-0550,,
PERIH,Perihepatic,HL70550,,,,PERIH,,Perihepatic,http://terminology.hl7.org/CodeSystem/v2-0550,,
PNEAL,Perineal,HL70550,,,,PNEAL,,Perineal,http://terminology.hl7.org/CodeSystem/v2-0550,,
PERIN,Perineal Abscess,HL70550,,,,PERIN,,Perineal Abscess,http://terminology.hl7.org/CodeSystem/v2-0550,,
PNEPH,Perinephric,HL70550,,,,PNEPH,,Perinephric,http://terminology.hl7.org/CodeSystem/v2-0550,,
PNM,Perineum,HL70550,,,,PNM,,Perineum,http://terminology.hl7.org/CodeSystem/v2-0550,,
PORBI,Periorbital,HL70550,,,,PORBI,,Periorbital,http://terminology.hl7.org/CodeSystem/v2-0550,,
PERRA,Perirectal,HL70550,,,,PERRA,,Perirectal,http://terminology.hl7.org/CodeSystem/v2-0550,,
PERIS,Perisplenic,HL70550,,,,PERIS,,Perisplenic,http://terminology.hl7.org/CodeSystem/v2-0550,,
PER,Peritoneal,HL70550,,,,PER,,Peritoneal,http://terminology.hl7.org/CodeSystem/v2-0550,,
PERT,Peritoneal Fluid,HL70550,,,,PERT,,Peritoneal Fluid,http://terminology.hl7.org/CodeSystem/v2-0550,,
PERIT,Peritoneum,HL70550,,,,PERIT,,Peritoneum,http://terminology.hl7.org/CodeSystem/v2-0550,,
PTONS,Peritonsillar,HL70550,,,,PTONS,,Peritonsillar,http://terminology.hl7.org/CodeSystem/v2-0550,,
PERIU,Periurethal,HL70550,,,,PERIU,,Periurethal,http://terminology.hl7.org/CodeSystem/v2-0550,,
PERIV,Perivesicular,HL70550,,,,PERIV,,Perivesicular,http://terminology.hl7.org/CodeSystem/v2-0550,,
PHALA,Phalanyx,HL70550,,,,PHALA,,Phalanyx,http://terminology.hl7.org/CodeSystem/v2-0550,,
PILO,Pilonidal,HL70550,,,,PILO,,Pilonidal,http://terminology.hl7.org/CodeSystem/v2-0550,,
PINNA,Pinna,HL70550,,,,PINNA,,Pinna,http://terminology.hl7.org/CodeSystem/v2-0550,,
PLC,Placenta,HL70550,,,,PLC,,Placenta,http://terminology.hl7.org/CodeSystem/v2-0550,,
PLACF,Placenta (Fetal Side),HL70550,,,,PLACF,,Placenta (Fetal Side),http://terminology.hl7.org/CodeSystem/v2-0550,,
PLACM,Placenta (Maternal Side),HL70550,,,,PLACM,,Placenta (Maternal Side),http://terminology.hl7.org/CodeSystem/v2-0550,,
PLANT,Plantar,HL70550,,,,PLANT,,Plantar,http://terminology.hl7.org/CodeSystem/v2-0550,,
PLEUR,Pleura,HL70550,,,,PLEUR,,Pleura,http://terminology.hl7.org/CodeSystem/v2-0550,,
PLEU,Pleural Fluid,HL70550,,,,PLEU,,Pleural Fluid,http://terminology.hl7.org/CodeSystem/v2-0550,,
PLR,Pleural Fluid (Thoracentesis Fld),HL70550,,,,PLR,,Pleural Fluid (Thoracentesis Fld),http://terminology.hl7.org/CodeSystem/v2-0550,,
POPLI,Popliteal,HL70550,,,,POPLI,,Popliteal,http://terminology.hl7.org/CodeSystem/v2-0550,,
PREAU,Preauricular,HL70550,,,,PREAU,,Preauricular,http://terminology.hl7.org/CodeSystem/v2-0550,,
PRERE,Prerenal,HL70550,,,,PRERE,,Prerenal,http://terminology.hl7.org/CodeSystem/v2-0550,,
PRST,Prostate Gland,HL70550,,,,PRST,,Prostate Gland,http://terminology.hl7.org/CodeSystem/v2-0550,,
PROS,Prostatic Fluid,HL70550,,,,PROS,,Prostatic Fluid,http://terminology.hl7.org/CodeSystem/v2-0550,,
PUBIC,Pubic,HL70550,,,,PUBIC,,Pubic,http://terminology.hl7.org/CodeSystem/v2-0550,,
PUL,Pulmonary Artery,HL70550,,,,PUL,,Pulmonary Artery,http://terminology.hl7.org/CodeSystem/v2-0550,,
RADI,Radial,HL70550,,,,RADI,,Radial,http://terminology.hl7.org/CodeSystem/v2-0550,,
RADIUS,Radius,HL70550,,,,RADIUS,,Radius,http://terminology.hl7.org/CodeSystem/v2-0550,,
RECTL,Rectal,HL70550,,,,RECTL,,Rectal,http://terminology.hl7.org/CodeSystem/v2-0550,,
RECTU,Rectum,HL70550,,,,RECTU,,Rectum,http://terminology.hl7.org/CodeSystem/v2-0550,,
RBC,Red Blood Cells,HL70550,,,,RBC,,Red Blood Cells,http://terminology.hl7.org/CodeSystem/v2-0550,,
RENL,Renal,HL70550,,,,RENL,,Renal,http://terminology.hl7.org/CodeSystem/v2-0550,,
RNP,Renal Pelvis,HL70550,,,,RNP,,Renal Pelvis,http://terminology.hl7.org/CodeSystem/v2-0550,,
RPERI,Retroperitoneal,HL70550,,,,RPERI,,Retroperitoneal,http://terminology.hl7.org/CodeSystem/v2-0550,,
RIB,Rib,HL70550,,,,RIB,,Rib,http://terminology.hl7.org/CodeSystem/v2-0550,,
SACRA,Sacral,HL70550,,,,SACRA,,Sacral,http://terminology.hl7.org/CodeSystem/v2-0550,,
SACRO,Sacrococcygeal,HL70550,,,,SACRO,,Sacrococcygeal,http://terminology.hl7.org/CodeSystem/v2-0550,,
SACIL,Sacroiliac,HL70550,,,,SACIL,,Sacroiliac,http://terminology.hl7.org/CodeSystem/v2-0550,,
SACRU,Sacrum,HL70550,,,,SACRU,,Sacrum,http://terminology.hl7.org/CodeSystem/v2-0550,,
SALGL,Salivary Gland,HL70550,,,,SALGL,,Salivary Gland,http://terminology.hl7.org/CodeSystem/v2-0550,,
SCALP,Scalp,HL70550,,,,SCALP,,Scalp,http://terminology.hl7.org/CodeSystem/v2-0550,,
SCAPU,Scapula/Scapular,HL70550,,,,SCAPU,,Scapula/Scapular,http://terminology.hl7.org/CodeSystem/v2-0550,,
SCLER,Sclera,HL70550,,,,SCLER,,Sclera,http://terminology.hl7.org/CodeSystem/v2-0550,,
SCROT,Scrotum/Scrotal,HL70550,,,,SCROT,,Scrotum/Scrotal,http://terminology.hl7.org/CodeSystem/v2-0550,,
SEMN,Semen,HL70550,,,,SEMN,,Semen,http://terminology.hl7.org/CodeSystem/v2-0550,,
SEM,Seminal Fluid,HL70550,,,,SEM,,Seminal Fluid,http://terminology.hl7.org/CodeSystem/v2-0550,,
SEPTU,Septum/Septal,HL70550,,,,SEPTU,,Septum/Septal,http://terminology.hl7.org/CodeSystem/v2-0550,,
SEROM,Seroma,HL70550,,,,SEROM,,Seroma,http://terminology.hl7.org/CodeSystem/v2-0550,,
SHIN,Shin,HL70550,,,,SHIN,,Shin,http://terminology.hl7.org/CodeSystem/v2-0550,,
SHOLJ,Sholder Joint,HL70550,,,,SHOLJ,,Sholder Joint,http://terminology.hl7.org/CodeSystem/v2-0550,,
SHOL,Shoulder,HL70550,,,,SHOL,,Shoulder,http://terminology.hl7.org/CodeSystem/v2-0550,,
SIGMO,Sigmoid,HL70550,,,,SIGMO,,Sigmoid,http://terminology.hl7.org/CodeSystem/v2-0550,,
SINUS,Sinus,HL70550,,,,SINUS,,Sinus,http://terminology.hl7.org/CodeSystem/v2-0550,,
SKM,Skeletal Muscle,HL70550,,,,SKM,,Skeletal Muscle,http://terminology.hl7.org/CodeSystem/v2-0550,,
SKENE,Skene's Gland,HL70550,,,,SKENE,,Skene's Gland,http://terminology.hl7.org/CodeSystem/v2-0550,,
SKULL,Skull,HL70550,,,,SKULL,,Skull,http://terminology.hl7.org/CodeSystem/v2-0550,,
INSTS,"Intestine, Small",HL70550,,,,INSTS,,"Intestine, Small",http://terminology.hl7.org/CodeSystem/v2-0550,,
SOLE,Sole,HL70550,,,,SOLE,,Sole,http://terminology.hl7.org/CodeSystem/v2-0550,,
SPRM,Spermatozoa,HL70550,,,,SPRM,,Spermatozoa,http://terminology.hl7.org/CodeSystem/v2-0550,,
SPHEN,Sphenoid,HL70550,,,,SPHEN,,Sphenoid,http://terminology.hl7.org/CodeSystem/v2-0550,,
SPCOR,Spinal Cord,HL70550,,,,SPCOR,,Spinal Cord,http://terminology.hl7.org/CodeSystem/v2-0550,,
SPLN,Spleen,HL70550,,,,SPLN,,Spleen,http://terminology.hl7.org/CodeSystem/v2-0550,,
STER,Sternum/Sternal,HL70550,,,,STER,,Sternum/Sternal,http://terminology.hl7.org/CodeSystem/v2-0550,,
STOM,Stoma,HL70550,,,,STOM,,Stoma,http://terminology.hl7.org/CodeSystem/v2-0550,,
USTOM,"Stoma, Urinary",HL70550,,,,USTOM,,"Stoma, Urinary",http://terminology.hl7.org/CodeSystem/v2-0550,,
STOMA,Stomach,HL70550,,,,STOMA,,Stomach,http://terminology.hl7.org/CodeSystem/v2-0550,,
STUMP,Stump,HL70550,,,,STUMP,,Stump,http://terminology.hl7.org/CodeSystem/v2-0550,,
SCLV,Sub Clavian,HL70550,,,,SCLV,,Sub Clavian,http://terminology.hl7.org/CodeSystem/v2-0550,,
SDP,Subdiaphramatic,HL70550,,,,SDP,,Subdiaphramatic,http://terminology.hl7.org/CodeSystem/v2-0550,,
SUB,Subdural,HL70550,,,,SUB,,Subdural,http://terminology.hl7.org/CodeSystem/v2-0550,,
SUBD,Subdural Fluid,HL70550,,,,SUBD,,Subdural Fluid,http://terminology.hl7.org/CodeSystem/v2-0550,,
SGF,Subgaleal Fluid,HL70550,,,,SGF,,Subgaleal Fluid,http://terminology.hl7.org/CodeSystem/v2-0550,,
SUBM,Submandibular,HL70550,,,,SUBM,,Submandibular,http://terminology.hl7.org/CodeSystem/v2-0550,,
SUBX,Submaxillary,HL70550,,,,SUBX,,Submaxillary,http://terminology.hl7.org/CodeSystem/v2-0550,,
SUBME,Submental,HL70550,,,,SUBME,,Submental,http://terminology.hl7.org/CodeSystem/v2-0550,,
SUBPH,Subphrenic,HL70550,,,,SUBPH,,Subphrenic,http://terminology.hl7.org/CodeSystem/v2-0550,,
SPX,Supra Cervical,HL70550,,,,SPX,,Supra Cervical,http://terminology.hl7.org/CodeSystem/v2-0550,,
SCLAV,Supraclavicle/Supraclavicular,HL70550,,,,SCLAV,,Supraclavicle/Supraclavicular,http://terminology.hl7.org/CodeSystem/v2-0550,,
SUPRA,Suprapubic,HL70550,,,,SUPRA,,Suprapubic,http://terminology.hl7.org/CodeSystem/v2-0550,,
SUPB,Suprapubic Specimen,HL70550,,,,SUPB,,Suprapubic Specimen,http://terminology.hl7.org/CodeSystem/v2-0550,,
SWT,Sweat,HL70550,,,,SWT,,Sweat,http://terminology.hl7.org/CodeSystem/v2-0550,,
SWTG,Sweat Gland,HL70550,,,,SWTG,,Sweat Gland,http://terminology.hl7.org/CodeSystem/v2-0550,,
SYNOL,Synovial,HL70550,,,,SYNOL,,Synovial,http://terminology.hl7.org/CodeSystem/v2-0550,,
SYN,Synovial Fluid,HL70550,,,,SYN,,Synovial Fluid,http://terminology.hl7.org/CodeSystem/v2-0550,,
SYNOV,Synovium,HL70550,,,,SYNOV,,Synovium,http://terminology.hl7.org/CodeSystem/v2-0550,,
TARS,Tarsal,HL70550,,,,TARS,,Tarsal,http://terminology.hl7.org/CodeSystem/v2-0550,,
TDUCT,Tear Duct,HL70550,,,,TDUCT,,Tear Duct,http://terminology.hl7.org/CodeSystem/v2-0550,,
TEAR,Tears,HL70550,,,,TEAR,,Tears,http://terminology.hl7.org/CodeSystem/v2-0550,,
TEMPL,Temple,HL70550,,,,TEMPL,,Temple,http://terminology.hl7.org/CodeSystem/v2-0550,,
TEMPO,Temporal,HL70550,,,,TEMPO,,Temporal,http://terminology.hl7.org/CodeSystem/v2-0550,,
TML,Temporal Lobe,HL70550,,,,TML,,Temporal Lobe,http://terminology.hl7.org/CodeSystem/v2-0550,,
TESTI,Testicle(Testis),HL70550,,,,TESTI,,Testicle(Testis),http://terminology.hl7.org/CodeSystem/v2-0550,,
THIGH,Thigh,HL70550,,,,THIGH,,Thigh,http://terminology.hl7.org/CodeSystem/v2-0550,,
THORA,Thorax/Thoracic/Thoracentesis,HL70550,,,,THORA,,Thorax/Thoracic/Thoracentesis,http://terminology.hl7.org/CodeSystem/v2-0550,,
THRB,Throat,HL70550,,,,THRB,,Throat,http://terminology.hl7.org/CodeSystem/v2-0550,,
THUMB,Thumb,HL70550,,,,THUMB,,Thumb,http://terminology.hl7.org/CodeSystem/v2-0550,,
TNL,Thumbnail,HL70550,,,,TNL,,Thumbnail,http://terminology.hl7.org/CodeSystem/v2-0550,,
THM,Thymus,HL70550,,,,THM,,Thymus,http://terminology.hl7.org/CodeSystem/v2-0550,,
THYRD,Thyroid,HL70550,,,,THYRD,,Thyroid,http://terminology.hl7.org/CodeSystem/v2-0550,,
TIBIA,Tibia,HL70550,,,,TIBIA,,Tibia,http://terminology.hl7.org/CodeSystem/v2-0550,,
TOE,Toe,HL70550,,,,TOE,,Toe,http://terminology.hl7.org/CodeSystem/v2-0550,,
TOEN,Toe Nail,HL70550,,,,TOEN,,Toe Nail,http://terminology.hl7.org/CodeSystem/v2-0550,,
TONG,Tongue,HL70550,,,,TONG,,Tongue,http://terminology.hl7.org/CodeSystem/v2-0550,,
TONS,Tonsil,HL70550,,,,TONS,,Tonsil,http://terminology.hl7.org/CodeSystem/v2-0550,,
TOOTH,Tooth,HL70550,,,,TOOTH,,Tooth,http://terminology.hl7.org/CodeSystem/v2-0550,,
TSK,Tooth Socket,HL70550,,,,TSK,,Tooth Socket,http://terminology.hl7.org/CodeSystem/v2-0550,,
TRCHE,Trachea/Tracheal,HL70550,,,,TRCHE,,Trachea/Tracheal,http://terminology.hl7.org/CodeSystem/v2-0550,,
TBRON,Transbronchial,HL70550,,,,TBRON,,Transbronchial,http://terminology.hl7.org/CodeSystem/v2-0550,,
TCN,Transcarina Asp,HL70550,,,,TCN,,Transcarina Asp,http://terminology.hl7.org/CodeSystem/v2-0550,,
ULNA,Ulna/Ulnar,HL70550,,,,ULNA,,Ulna/Ulnar,http://terminology.hl7.org/CodeSystem/v2-0550,,
UMB,Umbilical Blood,HL70550,,,,UMB,,Umbilical Blood,http://terminology.hl7.org/CodeSystem/v2-0550,,
UMBL,Umbilicus/Umbilical,HL70550,,,,UMBL,,Umbilicus/Umbilical,http://terminology.hl7.org/CodeSystem/v2-0550,,
URET,Ureter,HL70550,,,,URET,,Ureter,http://terminology.hl7.org/CodeSystem/v2-0550,,
URTH,Urethra,HL70550,,,,URTH,,Urethra,http://terminology.hl7.org/CodeSystem/v2-0550,,
UTERI,Uterine,HL70550,,,,UTERI,,Uterine,http://terminology.hl7.org/CodeSystem/v2-0550,,
SAC,Uterine Cul/De/Sac,HL70550,,,,SAC,,Uterine Cul/De/Sac,http://terminology.hl7.org/CodeSystem/v2-0550,,
UTER,Uterus,HL70550,,,,UTER,,Uterus,http://terminology.hl7.org/CodeSystem/v2-0550,,
VAGIN,Vagina/Vaginal,HL70550,,,,VAGIN,,Vagina/Vaginal,http://terminology.hl7.org/CodeSystem/v2-0550,,
VCUFF,Vaginal Cuff,HL70550,,,,VCUFF,,Vaginal Cuff,http://terminology.hl7.org/CodeSystem/v2-0550,,
VGV,Vaginal Vault,HL70550,,,,VGV,,Vaginal Vault,http://terminology.hl7.org/CodeSystem/v2-0550,,
VAL,Valve,HL70550,,,,VAL,,Valve,http://terminology.hl7.org/CodeSystem/v2-0550,,
VAS,Vas Deferens,HL70550,,,,VAS,,Vas Deferens,http://terminology.hl7.org/CodeSystem/v2-0550,,
VASTL,Vastus Lateralis,HL70550,,,,VASTL,,Vastus Lateralis,http://terminology.hl7.org/CodeSystem/v2-0550,,
VAULT,Vault,HL70550,,,,VAULT,,Vault,http://terminology.hl7.org/CodeSystem/v2-0550,,
VEIN,Vein,HL70550,,,,VEIN,,Vein,http://terminology.hl7.org/CodeSystem/v2-0550,,
VENTG,Ventragluteal,HL70550,,,,VENTG,,Ventragluteal,http://terminology.hl7.org/CodeSystem/v2-0550,,
VCSF,Ventricular CSF,HL70550,,,,VCSF,,Ventricular CSF,http://terminology.hl7.org/CodeSystem/v2-0550,,
VERMI,Vermis Cerebelli,HL70550,,,,VERMI,,Vermis Cerebelli,http://terminology.hl7.org/CodeSystem/v2-0550,,
VERTC,"Vertebra, cervical",HL70550,,,,VERTC,,"Vertebra, cervical",http://terminology.hl7.org/CodeSystem/v2-0550,,
VERTL,"Vertebra, lumbar",HL70550,,,,VERTL,,"Vertebra, lumbar",http://terminology.hl7.org/CodeSystem/v2-0550,,
VERTT,"Vertebra, thoracic",HL70550,,,,VERTT,,"Vertebra, thoracic",http://terminology.hl7.org/CodeSystem/v2-0550,,
VESI,Vesicle,HL70550,,,,VESI,,Vesicle,http://terminology.hl7.org/CodeSystem/v2-0550,,
VESCL,Vesicular,HL70550,,,,VESCL,,Vesicular,http://terminology.hl7.org/CodeSystem/v2-0550,,
VESFLD,Vesicular Fluid,HL70550,,,,VESFLD,,Vesicular Fluid,http://terminology.hl7.org/CodeSystem/v2-0550,,
VESTI,Vestibule(Genital),HL70550,,,,VESTI,,Vestibule(Genital),http://terminology.hl7.org/CodeSystem/v2-0550,,
VITR,Vitreous Fluid,HL70550,,,,VITR,,Vitreous Fluid,http://terminology.hl7.org/CodeSystem/v2-0550,,
VOC,Vocal Cord,HL70550,,,,VOC,,Vocal Cord,http://terminology.hl7.org/CodeSystem/v2-0550,,
VULVA,Vulva,HL70550,,,,VULVA,,Vulva,http://terminology.hl7.org/CodeSystem/v2-0550,,
WRIST,Wrist,HL70550,,,,WRIST,,Wrist,http://terminology.hl7.org/CodeSystem/v2-0550,,
,,,,,,LA,,Left arm,http://terminology.hl7.org/CodeSystem/v3-ActSite,,
,,,,,,RA,,Right arm,http://terminology.hl7.org/CodeSystem/v3-ActSite,,